{
  "dimensions": {
    "warmth": {
      "mean": 0.6119516723456914,
      "std": 0.05
    },
    "formality": {
      "mean": 0.41250341930406537,
      "std": 0.11326385263795682
    },
    "complexity": {
      "mean": 0.40809947108175926,
      "std": 0.05
    },
    "verbosity": {
      "mean": 0.3161989421635185,
      "std": 0.05
    },
    "creativity": {
      "mean": 0.6,
      "std": 0.15
    },
    "directness": {
      "mean": 0.8049999999999988,
      "std": 0.0539095438086845
    },
    "humor": {
      "mean": 0.4,
      "std": 0.2
    }
  },
  "_adaptive_params": {
    "response_length_factor": 1.021339259514463,
    "question_probability": 0.7447806689382765,
    "example_probability": 0.5,
    "metaphor_probability": 0.4,
    "personal_anecdote_probability": 0.35,
    "emotional_expression_level": 0.6,
    "learning_rate": 0.05
  }
}